;Access;Project;Surname0;Surname1;Surname2;Surname3;Surname4;Initial0;Initial1;Initial2;Initial3;Initial4;Surnames;Initials;AuthorCount;Media;Title;Edition;Publisher;CityOfPub;Year;URL;Journal;Volume;Issue;Pages;Organisation;DateAccessed;DateWritten;Name_Conf;Place_Conf;Date_Conf;HCitation;HReference;Surname5;Initial5;PDF;Ed_Surname0;Ed_Surname1;Ed_Surname2;Ed_Surname3;Ed_Initial0;Ed_Initial1;Ed_Initial2;Ed_Initial3;Ed_Initial4;Chap_Surname0;Chap_Surname1;Chap_Surname2;Chap_Surname3;Chap_Initial0;Chap_Initial1;Chap_Initial2;Chap_Initial3;Chap_Initial4;Ed_Surname4;Ed_Surname5;Ed_Initial5;Chap_Surname4;Chap_Surname5;Chap_Initial5;Chap_Title;ChapCount;EdCount;Notes;CiteOverride;RefOverride;Used;CommMethod;Receiver;prep
0;;Squirrels;;;;;;;;;;;;;0;data;Land Cover Map;;;;2023.0;https://digimap.edina.ac.uk;;;;;Digimap Environment Collection;16/11/24;2023;;;;Digimap Environment Collection (2023.0);Digimap Environment Collection (2023.0) Land Cover Map. Available at: https://digimap.edina.ac.uk (Accessed: 16/11/24);;;;;;;;;;;;;;;;;;;;;;;;;;;;;;;;;;Not Used;;;
1;;Squirrels;;;;;;;;;;;;;0;data;Major Road Link Network;;;;2022.0;https://www.data.gov.uk/dataset/208c0e7b-353f-4e2d-8b7a-1a7118467acc/gb-road-traffic-counts;;;;;Department for Transport;16/11/24;24/07/23;;;;Department for Transport (2022.0);Department for Transport (2022.0) Major Road Link Network. Available at: https://www.data.gov.uk/dataset/208c0e7b-353f-4e2d-8b7a-1a7118467acc/gb-road-traffic-counts (Accessed: 16/11/24);;;;;;;;;;;;;;;;;;;;;;;;;;;;;;;;;;Not Used;;;
2;;Squirrels;Bertin;Berg;;;;J.;W.J.;;;;;;2;book;Semiology of Graphics: Diagrams, Networks, Maps;3.0;ESRI Press;Unknown City;2011.0;https://books.google.com/books/about/Semiology_of_Graphics.html?id=X5caQwAACAAJ;;;;;;17-11-2024;;;;;Bertin, J. and Berg, W.J. (2011.0);Bertin, J. and Berg, W.J. (2011.0) Semiology of Graphics: Diagrams, Networks, Maps. 3.0 edn. Unknown City: ESRI Press.;;;;;;;;;;;;;;;;;;;;;;;;;;;;;;;;;;Not Used;;;
3;;Squirrels;;;;;;;;;;;;;0;data;Northern Ireland Road Network;;;;2024.0;https://digimap.edina.ac.uk/roam/map/os;;;;;Edina Digimap;20-11-2024;January 2024;;;;Edina Digimap (2024.0);Edina Digimap (2024.0) Northern Ireland Road Network. Available at: https://digimap.edina.ac.uk/roam/map/os (Accessed: 20-11-2024);;;;;;;;;;;;;;;;;;;;;;;;;;;;;;;;;;Not Used;;;
4;;Squirrels;McFarlane;;;;;J.J.;;;;;;;1;unpub;Red Squirrels in the UK: a Case for the Benefits of Habitat Fragmentation ;;University of Sheffield;Sheffield;2024.0;;;;;;;;;;;;McFarlane (2024.0);McFarlane, J.J. (2024.0) Red Squirrels in the UK: a Case for the Benefits of Habitat Fragmentation . Sheffield: University of Sheffield. Unpublished.;;;;;;;;;;;;;;;;;;;;;;;;;;;;;;;;;;Not Used;;;
5;;Energy Use;;;;;;;;;;;;;0;data;Educational attainment of young people in English towns data;;;;2023.0;https://www.ons.gov.uk/peoplepopulationandcommunity/educationandchildcare/datasets/educationalattainmentofyoungpeopleinenglishtownsdata;;;;;Office for National Statistics;05-12-2024;25-07-23;;;;Office for National Statistics (2023.0);Office for National Statistics (2023.0) Educational attainment of young people in English towns data. Available at: https://www.ons.gov.uk/peoplepopulationandcommunity/educationandchildcare/datasets/educationalattainmentofyoungpeopleinenglishtownsdata (Accessed: 05-12-2024);;;;;;;;;;;;;;;;;;;;;;;;;;;;;0.0;0.0;;;;Not Used;;;
6;;Energy Use;;;;;;;;;;;;;0;data;UK House Price Index;;;;2024.0;https://www.gov.uk/government/statistical-data-sets/uk-house-price-index-data-downloads-september-2024#create-your-report;;;;;HM Land Registry;06-12-2024;September 2024;;;;HM Land Registry (2024.0);HM Land Registry (2024.0) UK House Price Index. Available at: https://www.gov.uk/government/statistical-data-sets/uk-house-price-index-data-downloads-september-2024#create-your-report (Accessed: 06-12-2024);;;;;;;;;;;;;;;;;;;;;;;;;;;;;0.0;0.0;;;;Not Used;;;
7;;Energy Use;;;;;;;;;;;;;0;data;LSOA Domestic Gas 2010 to 2022;;;;2022.0;https://www.gov.uk/government/statistics/lower-and-middle-super-output-areas-gas-consumption;;;;;Department for Energy Security and Net Zero;08-12-2024;25-01-24;;;;Department for Energy Security and Net Zero (2022.0);Department for Energy Security and Net Zero (2022.0) LSOA Domestic Gas 2010 to 2022. Available at: https://www.gov.uk/government/statistics/lower-and-middle-super-output-areas-gas-consumption (Accessed: 08-12-2024);;;;;;;;;;;;;;;;;;;;;;;;;;;;;0.0;0.0;;;;Not Used;;;
8;;Energy Use;;;;;;;;;;;;;0;data;CDRC Harmonised IMD 2019;;;;2019.0;http://www.doi.org/10.20390/enginddepriv2015doi.org/;;;;;CDRC;08-12-2024;2019;;;;CDRC (2019.0);CDRC (2019.0) CDRC Harmonised IMD 2019. Available at: http://www.doi.org/10.20390/enginddepriv2015doi.org/ (Accessed: 08-12-2024);;;;;;;;;;;;;;;;;;;;;;;;;;;;;0.0;0.0;;;;Not Used;;;
9;;Energy Use;;;;;;;;;;;;;0;data;Lower layer Super Output Area population estimates;;;;2022.0;https://www.ons.gov.uk/peoplepopulationandcommunity/populationandmigration/populationestimates/datasets/lowersuperoutputareamidyearpopulationestimates;;;;;Office for National Statistics;08-12-2024;25-11-24;;;;Office for National Statistics (2022.0);Office for National Statistics (2022.0) Lower layer Super Output Area population estimates. Available at: https://www.ons.gov.uk/peoplepopulationandcommunity/populationandmigration/populationestimates/datasets/lowersuperoutputareamidyearpopulationestimates (Accessed: 08-12-2024);;;;;;;;;;;;;;;;;;;;;;;;;;;;;0.0;0.0;;;;Not Used;;;
10;;Energy Use;;;;;;;;;;;;;0;data;Dwelling Ages and Prices;;;;2021.0;https://data.cdrc.ac.uk/dataset/dwelling-ages-and-prices;;;;;CDRC;08-12-2024;2021;;;;CDRC (2021.0);CDRC (2021.0) Dwelling Ages and Prices. Available at: https://data.cdrc.ac.uk/dataset/dwelling-ages-and-prices (Accessed: 08-12-2024);;;;;;;;;;;;;;;;;;;;;;;;;;;;;0.0;0.0;;;;Not Used;;;
11;;Energy Use;;;;;;;;;;;;;0;data;Household Size;;;;2021.0;https://www.nomisweb.co.uk/datasets/c2021ts017;;;;;Office for National Statistics;09-12-2024;2021;;;;Office for National Statistics (2021.0);Office for National Statistics (2021.0) Household Size. Available at: https://www.nomisweb.co.uk/datasets/c2021ts017 (Accessed: 09-12-2024);;;;;;;;;;;;;;;;;;;;;;;;;;;;;0.0;0.0;;;;Used;;;
12;;Energy Use;;;;;;;;;;;;;0;data;Tenure;;;;2021.0;https://www.ons.gov.uk/datasets/TS054/editions/2021/versions/4;;;;;Office for National Statistics;11-12-2024;;;;;Office for National Statistics (2021.0);Office for National Statistics (2021.0) Tenure. Available at: https://www.ons.gov.uk/datasets/TS054/editions/2021/versions/4 (Accessed: 11-12-2024);;;;;;;;;;;;;;;;;;;;;;;;;;;;;0.0;0.0;;;;Used;;;
13;;Energy Use;Jones;Fuertes;Lomas;;;R.V.;A.;K.J.;;;;;3;journal;The socio-economic, dwelling and appliance related factors affecting electricity consumption in domestic buildings;;;;2015.0;https://doi.org/10.1016/j.rser.2014.11.084;Renewable and Sustainable Energy Reviews;43.0;2015;901-917;;11-12-2024;;;;;Jones, R.V., Fuertes, A. and Lomas, K.J. (2015.0);Jones, R.V., Fuertes, A. and Lomas, K.J. (2015.0) 'The socio-economic, dwelling and appliance related factors affecting electricity consumption in domestic buildings', Renewable and Sustainable Energy Reviews,43.0(2015), pp. 901-917. https://doi.org/10.1016/j.rser.2014.11.084;;;/home/jonathan/Documents/University/Course Notes/Home/GIS/Sheffield/Quantitative_Analysis/Assessment 3/factors affecting elec usage.html;;;;;;;;;;;;;;;;;;;;;;;;;;0.0;0.0;;;;Used;;;
14;;Energy Use;Zen;Uddin;Al-Amin;Majid;Almulhim;I.S.;M.S.;A.Q.;M.R.B.;A.I.;;;6;journal;Socioeconomics determinants of household carbon footprint in Iskandar Malaysia;;;;2022.0;https://doi.org/10.1016/j.jclepro.2022.131256;Journal of Cleaner Production;347.0;May 2022;131256;;15-12-2024;;;;;Zen et al. (2022.0);Zen, I.S. et al. (2022.0) 'Socioeconomics determinants of household carbon footprint in Iskandar Malaysia', Journal of Cleaner Production,347.0(May 2022), pp. 131256. https://doi.org/10.1016/j.jclepro.2022.131256;Doberstein;B.;/home/jonathan/Documents/University/Course Notes/Home/GIS/Sheffield/Quantitative_Analysis/Assessment 3/malaysia.pdf;;;;;;;;;;;;;;;;;;;;;;;;;;0.0;0.0;;;;Used;;;
15;;Energy Use;;;;;;;;;;;;;0;data;Census 2021 Paper Questionnaires;;;;2021.0;https://www.ons.gov.uk/census/censustransformationprogramme/questiondevelopment/census2021paperquestionnaires;;;;;Office for National Statistics;15-12-2024;;;;;Office for National Statistics (2021.0);Office for National Statistics (2021.0) Census 2021 Paper Questionnaires. Available at: https://www.ons.gov.uk/census/censustransformationprogramme/questiondevelopment/census2021paperquestionnaires (Accessed: 15-12-2024);;;;;;;;;;;;;;;;;;;;;;;;;;;;;0.0;0.0;;;;Used;;;
16;;Energy Use;;;;;;;;;;;;;0;data;Lower and Middle Super Output Areas electricity consumption;;;;2024.0;https://www.gov.uk/government/statistics/lower-and-middle-super-output-areas-electricity-consumption;;;;;Department of energy Security and Net Zero;15-12-2024;;;;;Department of energy Security and Net Zero (2024.0);Department of energy Security and Net Zero (2024.0) Lower and Middle Super Output Areas electricity consumption. Available at: https://www.gov.uk/government/statistics/lower-and-middle-super-output-areas-electricity-consumption (Accessed: 15-12-2024);;;;;;;;;;;;;;;;;;;;;;;;;;;;;0.0;0.0;;;;;;;
17;;Energy Use;;;;;;;;;;;;;0;data;Great Britain Land Cover;;;;2023.0;https://digimap.edina.ac.uk/roam/map/environment;;;;;Edina Digimap;27-12-2024;;;;;Edina Digimap (2023.0);Edina Digimap (2023.0) Great Britain Land Cover. Available at: https://digimap.edina.ac.uk/roam/map/environment (Accessed: 27-12-2024);;;;;;;;;;;;;;;;;;;;;;;;;;;;;0.0;0.0;;;;;;;
18;;Woodpeckers;Wiktander;Olsson;Nilsson;;;U.;O.;S.G.;;;;;3;journal;Seasonal variation in home-range size, and habitat area requirement of the lesser spotted woodpecker (Dendrocopos minor) in southern Sweden;;;;2001.0;https://doi.org/10.1016/S0006-3207(01)00045-3;Biological Conservation;100.0;3;387-395;;29-12-2024;;;;;Wiktander, U., Olsson, O. and Nilsson, S.G. (2001.0);Wiktander, U., Olsson, O. and Nilsson, S.G. (2001.0) 'Seasonal variation in home-range size, and habitat area requirement of the lesser spotted woodpecker (Dendrocopos minor) in southern Sweden', Biological Conservation,100.0(3), pp. 387-395. https://doi.org/10.1016/S0006-3207(01)00045-3;;;/home/jonathan/Documents/University/Course Notes/Home/GIS/Sheffield/Foundations_of_GIS/Technical Report/habitat size.pdf;;;;;;;;;;;;;;;;;;;;;;;;;;0.0;0.0;;;;;;;
19;;Woodpeckers;Olsson;Nillsson;Nillson;Pettesson;Stagen;O.;I.N.;S.G.;B.;A.;;;6;journal;Habitat preferences of the Lesser Spotted Woodpecker Dendrocopus minor;;;;1992.0;https://ornisfennica.journal.fi/article/view/133348;Ornis Fennica;69.0;3;119-125;;29-12-2024;;;;;Olsson et al. (1992.0);Olsson, O. et al. (1992.0) 'Habitat preferences of the Lesser Spotted Woodpecker Dendrocopus minor', Ornis Fennica,69.0(3), pp. 119-125. https://ornisfennica.journal.fi/article/view/133348;Wiktander;U.;/home/jonathan/Documents/University/Course Notes/Home/GIS/Sheffield/Foundations_of_GIS/Technical Report/snag density.pdf;;;;;;;;;;;;;;;;;;;;;;;;;;0.0;0.0;;;;;;;
20;;Woodpeckers;Silva;Pereira;Gusmões;Mended;Valente;C.M.;J.A.C.;J.D.S.P.;B.E.P.;H.;;;5;journal;Birds’ gap-crossing in open matrices depends on landscape structure, tree size, and predation risk;;;;2020.0;https://doi.org/10.1016/j.pecon.2020.02.001;Perspectives in Ecology and Conservation;18.0;2;73-82;;29-12-2024;;;;;Silva et al. (2020.0);Silva, C.M. et al. (2020.0) 'Birds’ gap-crossing in open matrices depends on landscape structure, tree size, and predation risk', Perspectives in Ecology and Conservation,18.0(2), pp. 73-82. https://doi.org/10.1016/j.pecon.2020.02.001;;;/home/jonathan/Documents/University/Course Notes/Home/GIS/Sheffield/Foundations_of_GIS/Technical Report/step distance.pdf;;;;;;;;;;;;;;;;;;;;;;;;;;0.0;0.0;;;;;;;
21;;Woodpeckers;Campedelli;Londi;Cutini;Donati;Florenzano;T.;G.;S.;C.;G.T.;;;5;journal;Impact of noise barriers on birds. A case study along a Tuscany highway;;;;2014.0;https://ciso-coi.it/wp-content/uploads/2014/08/Brevi-note-e-finali.pdf#page=1.29;Avocetta;38.0;2014;37-39;;02-01-2025;;;;;Campedelli et al. (2014.0);Campedelli, T. et al. (2014.0) 'Impact of noise barriers on birds. A case study along a Tuscany highway', Avocetta,38.0(2014), pp. 37-39. https://ciso-coi.it/wp-content/uploads/2014/08/Brevi-note-e-finali.pdf#page=1.29;;;;;;;;;;;;;;;;;;;;;;;;;;;;;0.0;0.0;;;;;;;
22;;Woodpeckers;;;;;;;;;;;;;0;data;Landsat 8-9;;;;2024.0;https://earthexplorer.usgs.gov;;;;;USGS;02-01-2025;;;;;USGS (2024.0);USGS (2024.0) Landsat 8-9. Available at: https://earthexplorer.usgs.gov (Accessed: 02-01-2025);;;;;;;;;;;;;;;;;;;;;;;;;;;;;0.0;0.0;;;;;;;
23;;Woodpeckers;;;;;;;;;;;;;0;web;Lesser Spotted Woodpecker;;;;2024.0;https://www.bto.org/understanding-birds/birdfacts/lesser-spotted-woodpecker;;;;;British Trust for Ornithology;02-01-2025;;;;;British Trust for Ornithology (2024.0);British Trust for Ornithology (2024.0) Lesser Spotted Woodpecker. Available at: https://www.bto.org/understanding-birds/birdfacts/lesser-spotted-woodpecker (Accessed: 02-01-2025);;;;;;;;;;;;;;;;;;;;;;;;;;;;;0.0;0.0;;;;;;;
24;;Woodpeckers;;;;;;;;;;;;;0;web;Lesser Spotted Woodpecker;;;;2025.0;https://www.woodlandtrust.org.uk/trees-woods-and-wildlife/animals/birds/lesser-spotted-woodpecker/;;;;;Woodland Trust;03-01-2025;;;;;Woodland Trust (2025.0);Woodland Trust (2025.0) Lesser Spotted Woodpecker. Available at: https://www.woodlandtrust.org.uk/trees-woods-and-wildlife/animals/birds/lesser-spotted-woodpecker/ (Accessed: 03-01-2025);;;;;;;;;;;;;;;;;;;;;;;;;;;;;0.0;0.0;;;;;;;
25;;Woodpeckers;Robles;Cuidad;;;;H.;C.;;;;;;2;journal;Influence of Habitat Quality, Population Size, Patch Size, and Connectivity on Patch-Occupancy Dynamics of the Middle Spotted Woodpecker;;;;2012.0;https://doi.org/10.1111/j.1523-1739.2011.01816.x;Conservation Biology;26.0;2;284-293;;03-01-2025;;;;;Robles, H. and Cuidad, C. (2012.0);Robles, H. and Cuidad, C. (2012.0) 'Influence of Habitat Quality, Population Size, Patch Size, and Connectivity on Patch-Occupancy Dynamics of the Middle Spotted Woodpecker', Conservation Biology,26.0(2), pp. 284-293. https://doi.org/10.1111/j.1523-1739.2011.01816.x;;;;;;;;;;;;;;;;;;;;;;;;;;;;;0.0;0.0;;;;;;;
26;;Woodpeckers;Brewster;;;;;P.;;;;;;;1;pers;;;;;2016.0;;;;;;;2016;;;;;Brewster, P. (2016.0);Brewster, P. (2016.0) Conversation with Jinxia Wang, 2016;;;;;;;;;;;;;;;;;;;;;;;;;;;;;0.0;0.0;;;;;Conversation;Jinxia Wang;with
27;;Woodpeckers;;;;;;;;;;;;;0;report;Draft Noise Action Plan 2024-2028;;;;2024.0;https://www.manchesterairport.co.uk/community/living-near-the-airport/noise-action-plan/;;;;80;Manchester Airport;04-01-2025;;;;;Manchester Airport (2024.0);Manchester Airport (2024.0) Draft Noise Action Plan 2024-2028. pp. 80. Available at: https://www.manchesterairport.co.uk/community/living-near-the-airport/noise-action-plan/ (Accessed: 04-01-2025);;;;;;;;;;;;;;;;;;;;;;;;;;;;;0.0;0.0;;;;;;;
28;;Woodpeckers;;;;;;;;;;;;;0;data;Lesser Spotted Woodpecker Occurance Records;;;;2023.0;https://species.nbnatlas.org/species/NHMSYS0021271561#records;;;;;NBN Atlas;04-01-2025;;;;;NBN Atlas (2023.0);NBN Atlas (2023.0) Lesser Spotted Woodpecker Occurance Records. Available at: https://species.nbnatlas.org/species/NHMSYS0021271561#records (Accessed: 04-01-2025);;;;;;;;;;;;;;;;;;;;;;;;;;;;;0.0;0.0;;;;;;;
29;;Woodpeckers;;;;;;;;;;;;;0;data;Road Noise - All Metrics - England Round 4;;;;2024.0;https://www.data.gov.uk/dataset/38b1444f-47a0-42ca-a358-0d145fcf7d5c/road-noise-all-metrics-england-round-4;;;;;DEFRA;07-01-2025;;;;;DEFRA (2024.0);DEFRA (2024.0) Road Noise - All Metrics - England Round 4. Available at: https://www.data.gov.uk/dataset/38b1444f-47a0-42ca-a358-0d145fcf7d5c/road-noise-all-metrics-england-round-4 (Accessed: 07-01-2025);;;;;;;;;;;;;;;;;;;;;;;;;;;;;0.0;0.0;;;;;;;
30;;Woodpeckers;;;;;;;;;;;;;0;web;Cotterill Clough;;;;2024.0;https://www.cheshirewildlifetrust.org.uk/nature-reserves/cotterill-clough;;;;;Cheshire Wildlife Trust;11-01-2025;;;;;Cheshire Wildlife Trust (2024.0);Cheshire Wildlife Trust (2024.0) Cotterill Clough. Available at: https://www.cheshirewildlifetrust.org.uk/nature-reserves/cotterill-clough (Accessed: 11-01-2025);;;;;;;;;;;;;;;;;;;;;;;;;;;;;0.0;0.0;;;;;;;
31;;Woodpeckers;;;;;;;;;;;;;0;custom;;;;;;;;;;;;;;;;;City of Trees (2024);Cite of Trees (2024) Wythenshawe Data Pack. Accessed 12-01-25.;;;;;;;;;;;;;;;;;;;;;;;;;;;;;0.0;0.0;;City of Trees (2024);Cite of Trees (2024) 'Wythenshawe Data Pack'. Accessed 12-01-25.;;;;
32;;Woodpeckers;;;;;;;;;;;;;0;web;Sunbank Wood;;;;2024.0;https://wilmslowwalks.com/sunbankwood.html;;;;;Wilmslow Walks;12-01-2025;;;;;Wilmslow Walks (2024.0);Wilmslow Walks (2024.0) Sunbank Wood. Available at: https://wilmslowwalks.com/sunbankwood.html (Accessed: 12-01-2025);;;;;;;;;;;;;;;;;;;;;;;;;;;;;0.0;0.0;;;;;;;
33;;Woodpeckers;Slabbekoorn;Boer-Visser;;;;H.;A.;;;;;;2;journal;Cities Change the Songs of Birds;;;;2006.0;https://doi.org/10.1016/j.cub.2006.10.008;Current Biology;16.0;23;2326-2331;;12-01-2025;;;;;Slabbekoorn, H. and Boer-Visser, A. (2006.0);Slabbekoorn, H. and Boer-Visser, A. (2006.0) 'Cities Change the Songs of Birds', Current Biology,16.0(23), pp. 2326-2331. https://doi.org/10.1016/j.cub.2006.10.008;;;;;;;;;;;;;;;;;;;;;;;;;;;;;0.0;0.0;;;;;;;
34;;Eurovision;Ginsburgh;Noury;;;;V.;A.G.;;;;;;2;journal;The Eurovision Song Contest. Is voting political or cultural?;;;;2008.0;https://doi.org/10.1016/j.ejpoleco.2007.05.004;European Journal of Political Economy;24.0;1;41-52;;16-01-2025;;;;;Ginsburgh, V. and Noury, A.G. (2008.0);Ginsburgh, V. and Noury, A.G. (2008.0) 'The Eurovision Song Contest. Is voting political or cultural?', European Journal of Political Economy,24.0(1), pp. 41-52. https://doi.org/10.1016/j.ejpoleco.2007.05.004;;;;;;;;;;;;;;;;;;;;;;;;;;;;;0.0;0.0;;;;;;;
35;;Eurovision;;;;;;;;;;;;;0;data;Seizures of drugs in England and Wales, financial year ending 2024;;;;2024.0;https://www.gov.uk/government/statistics/seizures-of-drugs-in-england-and-wales-financial-year-ending-2024;;;;;Home Office;18-01-2025;;;;;Home Office (2024.0);Home Office (2024.0) Seizures of drugs in England and Wales, financial year ending 2024. Available at: https://www.gov.uk/government/statistics/seizures-of-drugs-in-england-and-wales-financial-year-ending-2024 (Accessed: 18-01-2025);;;;;;;;;;;;;;;;;;;;;;;;;;;;;0.0;0.0;;;;;;;
36;;Eurovision;;;;;;;;;;;;;0;data;Police Force Areas;;;;2023.0;https://geoportal.statistics.gov.uk/datasets/06113f214e2348cab337c3437b5e38c9_0/explore;;;;;Office for National Statistics;18-01-2025;;;;;Office for National Statistics (2023.0);Office for National Statistics (2023.0) Police Force Areas. Available at: https://geoportal.statistics.gov.uk/datasets/06113f214e2348cab337c3437b5e38c9_0/explore (Accessed: 18-01-2025);;;;;;;;;;;;;;;;;;;;;;;;;;;;;0.0;0.0;;;;;;;
37;;Eurovision;;;;;;;;;;;;;0;web;At least half of Gaza's buildings damaged or destroyed, new analysis shows;;;;2024.0;https://www.bbc.co.uk/news/world-middle-east-68006607;;;;;BBC News;19-01-2025;;;;;BBC News (2024.0);BBC News (2024.0) At least half of Gazas buildings damaged or destroyed, new analysis shows. Available at: https://www.bbc.co.uk/news/world-middle-east-68006607 (Accessed: 19-01-2025);;;;;;;;;;;;;;;;;;;;;;;;;;;;;0.0;0.0;;;;;;;
38;;Eurovision;Holail;Saleh;Xiao;Xia;Shao;S.;T.;J.;G.;Z.;;;6;journal;Time-series satellite remote sensing reveals gradually increasing war damage in the Gaza Strip;;;;2024.0;https://doi.org/10.1093/nsr/nwae304;National Science Review;11.0;9;Unknown;;19-01-2025;;;;;Holail et al. (2024.0);Holail, S. et al. (2024.0) 'Time-series satellite remote sensing reveals gradually increasing war damage in the Gaza Strip', National Science Review,11.0(9), pp. Unknown. https://doi.org/10.1093/nsr/nwae304;Wang;M.;;;;;;;;;;;;;;;;;;;;;;;;;;;0.0;0.0;;;;;;;
39;;Eurovision;Abramowitz;;;;;M.Z.;;;;;;;1;journal;GHB and date rape;;;;2018.0;https://doi.org/10.1192/bjp.185.2.176;The British Journal of Psychiatry;185.0;2;176-177;;20-01-2025;;;;;Abramowitz (2018.0);Abramowitz, M.Z. (2018.0) 'GHB and date rape', The British Journal of Psychiatry,185.0(2), pp. 176-177. https://doi.org/10.1192/bjp.185.2.176;;;;;;;;;;;;;;;;;;;;;;;;;;;;;0.0;0.0;;;;;;;
40;;Eurovision;;;;;;;;;;;;;0;report;Drink Spiking Report;;;;2024.0;https://www.drinkaware.co.uk/research/research-and-evaluation-reports/drink-spiking-report/;;;;3;Drinkaware;20-01-2025;;;;;Drinkaware (2024.0);Drinkaware (2024.0) Drink Spiking Report. pp. 3. Available at: https://www.drinkaware.co.uk/research/research-and-evaluation-reports/drink-spiking-report/ (Accessed: 20-01-2025);;;;;;;;;;;;;;;;;;;;;;;;;;;;;0.0;0.0;;;;;;;
41;;Eurovision;;;;;;;;;;;;;0;web;Eurovision Song Contest 2024;;;;2024.0;https://en.wikipedia.org/wiki/Eurovision_Song_Contest_2024#Final_2;;;;;Wikipedia;20-01-2025;;;;;Wikipedia (2024.0);Wikipedia (2024.0) Eurovision Song Contest 2024. Available at: https://en.wikipedia.org/wiki/Eurovision_Song_Contest_2024#Final_2 (Accessed: 20-01-2025);;;;;;;;;;;;;;;;;;;;;;;;;;;;;0.0;0.0;;;;;;;
42;;Eurovision;Djennad;Harris;Presanis;Jahr;Charlett;A.;R.J.;A.M.;S.;A.;;;5;journal;Estimating prevalence of opiate and crack cocaine use and injecting in England using mixed-effects capture–recapture models;;;;2024.0;https://doi.org/10.1093/jrsssa/qnae114;Journal of the Royal Statistical Society Series A: Statistics in Society;118.0;1;68-83;;20-01-2025;;;;;Djennad et al. (2024.0);Djennad, A. et al. (2024.0) 'Estimating prevalence of opiate and crack cocaine use and injecting in England using mixed-effects capture–recapture models', Journal of the Royal Statistical Society Series A: Statistics in Society,118.0(1), pp. 68-83. https://doi.org/10.1093/jrsssa/qnae114;;;;;;;;;;;;;;;;;;;;;;;;;;;;;0.0;0.0;;;;;;;
43;;PrinciplesOfGIS;Pinto;;;;;J.A.;;;;;;;1;journal;Origins and Development of the Ichnographic City Plan;;;;1976.0;https://doi.org/10.2307/988969;Journal of the Society of Architectural Historians;35.0;1;35-50;;21-01-2025;;;;;Pinto (1976.0);Pinto, J.A. (1976.0) 'Origins and Development of the Ichnographic City Plan', Journal of the Society of Architectural Historians,35.0(1), pp. 35-50. https://doi.org/10.2307/988969;;;;;;;;;;;;;;;;;;;;;;;;;;;;;0.0;0.0;;;;;;;
44;;PrinciplesOfGIS;Bradford;;;;;S.;;;;;;;1;book;Cesare Borgia;1.0;Penguin;United Kingdom;2011.0;https://www.google.co.uk/books/edition/Cesare_Borgia/N8vzBJ_RGlkC?hl=en&gbpv=0&kptab=overview;;;;;;21-01-2025;;;;;Bradford (2011.0);Bradford, S. (2011.0) Cesare Borgia. 1.0 edn. United Kingdom: Penguin.;;;;;;;;;;;;;;;;;;;;;;;;;;;;;0.0;0.0;;;;;;;
45;;PrinciplesOfGIS;;;;;;;;;;;;;0;chap;Archaeology and GIS: A European Perspective;1.0;Routlege;London;1995.0;https://www.academia.edu/705833/Cumulative_viewshed_analysis_a_GIS_based_method_for_investigating_intervisibility_and_its_archaeological_application;;;;Unknown;;21-01-2025;;;;;Wheatley (1995.0);Wheatley, D. (1995.0) 'Cumulative Viewshed Analysis: a GIS-based method for investigating intervisibility, and its archaeological application', in Lock, G. and Stancic, Z. (ed) Archaeology and GIS: A European Perspective. 1.0. London: Routlege, Unknown.;;;/home/jonathan/Documents/University/Course Notes/Home/GIS/Sheffield/Principles_and_Applications_of_GIS/Case_Studies/Cumulative_viewshed_analysis_a_GIS_based.pdf;Lock;Stancic;;;G.;Z.;;;;Wheatley;;;;D.;;;;;;;;;;;Cumulative Viewshed Analysis: a GIS-based method for investigating intervisibility, and its archaeological application;1.0;2.0;;;;;;;
46;;PrinciplesOfGIS;;;;;;;;;;;;;0;report;Visualising Danebury: modelled approaches to spatial theory;;;;1999.0;https://tobias-lib.ub.uni-tuebingen.de/xmlui/bitstream/handle/10900/62071/43_Earl_CAA_1997.pdf?sequence=2&isAllowed=y;;;;1-5;Earl, P.G;21-01-2025;;;;;Earl, P.G (1999.0);Earl, P.G (1999.0) Visualising Danebury: modelled approaches to spatial theory. pp. 1-5. Available at: https://tobias-lib.ub.uni-tuebingen.de/xmlui/bitstream/handle/10900/62071/43_Earl_CAA_1997.pdf?sequence=2&isAllowed=y (Accessed: 21-01-2025);;;;;;;;;;;;;;;;;;;;;;;;;;;;;0.0;0.0;;;;;;;
47;;PrinciplesOfGIS;Polat;;;;;N.;;;;;;;1;journal;Utilizing GIS for the exploration of possible neolithic sitescontemporary to Göbeklitepe;;;;2023.0;https://doi.org/10.1080/10106049.2023.2240277;Geocarto International;38.0;1;2240277;;21-01-2025;;;;;Polat (2023.0);Polat, N. (2023.0) 'Utilizing GIS for the exploration of possible neolithic sitescontemporary to Göbeklitepe', Geocarto International,38.0(1), pp. 2240277. https://doi.org/10.1080/10106049.2023.2240277;;;;;;;;;;;;;;;;;;;;;;;;;;;;;0.0;0.0;;;;;;;
48;;PrinciplesOfGIS;Snow;;;;;J.;;;;;;;1;book;Report on the cholera outbreak in the Parish of St. James, Westminster, during the autumn of 1854;1.0;J. Churchill;London;1855.0;https://archive.org/details/b21780778/mode/1up;;;;;;22-01-2025;;;;;Snow (1855.0);Snow, J. (1855.0) Report on the cholera outbreak in the Parish of St. James, Westminster, during the autumn of 1854. 1.0 edn. London: J. Churchill.;;;;;;;;;;;;;;;;;;;;;;;;;;;;;0.0;0.0;;;;;;;
49;;PrinciplesOfGIS;Picquet;Chateâuneuf;;;;C.;L.F.;;;;;;2;book;Rapport sur la marche et les effets du choléra-morbus dans Paris et les communes rurales du départment de la Seine;1.0;Impimerie Royale;Paris;1834.0;https://crouchrarebooks.com/product/books/the-first-epidemiological-maps/;;;;;;22-01-2025;;;;;Picquet, C. and Chateâuneuf, L.F. (1834.0);Picquet, C. and Chateâuneuf, L.F. (1834.0) Rapport sur la marche et les effets du choléra-morbus dans Paris et les communes rurales du départment de la Seine. 1.0 edn. Paris: Impimerie Royale.;;;;;;;;;;;;;;;;;;;;;;;;;;;;;0.0;0.0;;;;;;;
50;;PrinciplesOfGIS;Wymant;Ferretti;Tsallis;Charalambides;Abeler-Dörner;C.;L.;D.;M.;L.;;;5;journal;The epidemiological impact of the NHS COVID-19 app;;;;2021.0;https://doi.org/10.1038/s41586-021-03606-z;Nature;594.0;May 2021;408-412;;22-01-2025;;;;;Wymant et al. (2021.0);Wymant, C. et al. (2021.0) 'The epidemiological impact of the NHS COVID-19 app', Nature,594.0(May 2021), pp. 408-412. https://doi.org/10.1038/s41586-021-03606-z;;;;;;;;;;;;;;;;;;;;;;;;;;;;;0.0;0.0;;;;;;;
51;;PrinciplesOfGIS;;;;;;;;;;;;;0;web;NHS Covid-19 app: How England and Wales' contact-tracing service works;;;;2020.0;https://www.bbc.co.uk/news/technology-54250736;;;;;BBC News;22-01-2025;;;;;BBC News (2020.0);BBC News (2020.0) NHS Covid-19 app: How England and Wales contact-tracing service works. Available at: https://www.bbc.co.uk/news/technology-54250736 (Accessed: 22-01-2025);;;;;;;;;;;;;;;;;;;;;;;;;;;;;0.0;0.0;;;;;;;
52;;PrinciplesOfGIS;;;;;;;;;;;;;0;web;A map of Imola 1502;;;;2025.0;https://www.rct.uk/collection/912284/a-map-of-imola;;;;;Royal Collection Trust;22-01-2025;;;;;Royal Collection Trust (2025.0);Royal Collection Trust (2025.0) A map of Imola 1502. Available at: https://www.rct.uk/collection/912284/a-map-of-imola (Accessed: 22-01-2025);;;;;;;;;;;;;;;;;;;;;;;;;;;;;0.0;0.0;;;;;;;
53;;PrinciplesOfGIS;Manfio;Von Arnim;;;;S.;Y.;;;;;;2;journal;Mapping Mauritius’ Underwater Cultural Heritage: A GISBased Approach to Integrating Environmental Historical Archaeology and Heritage Management;;;;2024.0;https://doi.org/10.1007/s10761-024-00760-8;International Journal of Historical Archaeology;28.0;3;Unknown;;22-01-2025;;;;;Manfio, S. and Von Arnim, Y. (2024.0);Manfio, S. and Von Arnim, Y. (2024.0) 'Mapping Mauritius’ Underwater Cultural Heritage: A GISBased Approach to Integrating Environmental Historical Archaeology and Heritage Management', International Journal of Historical Archaeology,28.0(3), pp. Unknown. https://doi.org/10.1007/s10761-024-00760-8;;;;;;;;;;;;;;;;;;;;;;;;;;;;;0.0;0.0;;;;;;;
54;;PrinciplesOfGIS;;;;;;;;;;;;;0;report;Data Analytics and the Fight against Housing Blight: A Guide for Local Leaders;;;;2017.0;https://dash.harvard.edu/handle/1/31852257;;;;1-15;Pough B. & Wan Q.;22-01-2025;;;;;Pough B. & Wan Q. (2017.0);Pough B. & Wan Q. (2017.0) Data Analytics and the Fight against Housing Blight: A Guide for Local Leaders. pp. 1-15. Available at: https://dash.harvard.edu/handle/1/31852257 (Accessed: 22-01-2025);;;;;;;;;;;;;;;;;;;;;;;;;;;;;0.0;0.0;;;;;;;
55;;PrinciplesOfGIS;;;;;;;;;;;;;0;report;Issue Brief: Blight in Detroit;;;;2020.0;https://detroitsurvey.umich.edu/wp-content/uploads/2021/02/Blight-Report-7-21-2020.pdf;;;;1-6;DDMACS, University of Michican;22-01-2025;;;;;DDMACS, University of Michican (2020.0);DDMACS, University of Michican (2020.0) Issue Brief: Blight in Detroit. pp. 1-6. Available at: https://detroitsurvey.umich.edu/wp-content/uploads/2021/02/Blight-Report-7-21-2020.pdf (Accessed: 22-01-2025);;;;;;;;;;;;;;;;;;;;;;;;;;;;;0.0;0.0;;;;;;;
56;;PrinciplesOfGIS;;;;;;;;;;;;;0;web;BlightStatus;;;;2025.0;https://datasmart.hks.harvard.edu/solutions/blightstatus;;;;;Data Smart City Solutions;22-01-2025;;;;;Data Smart City Solutions (2025.0);Data Smart City Solutions (2025.0) BlightStatus. Available at: https://datasmart.hks.harvard.edu/solutions/blightstatus (Accessed: 22-01-2025);;;;;;;;;;;;;;;;;;;;;;;;;;;;;0.0;0.0;;;;;;;
57;;PrinciplesOfGIS;Blasimme;Vayene;;;;A.;E.;;;;;;2;journal;What's next for COVID-19 apps? Governance and oversight;;;;2020.0;https://doi.org/10.1126/science.abd9006;Science;370.0;6518;760-762;;23-01-2025;;;;;Blasimme, A. and Vayene, E. (2020.0);Blasimme, A. and Vayene, E. (2020.0) 'Whats next for COVID-19 apps? Governance and oversight', Science,370.0(6518), pp. 760-762. https://doi.org/10.1126/science.abd9006;;;;;;;;;;;;;;;;;;;;;;;;;;;;;0.0;0.0;;;;;;;
58;;PrinciplesOfGIS;Pędzich;;;;;P.;;;;;;;1;journal;Cartometric analysis of selected works by Leonardo da Vinci;;;;2023.0;https://doi.org/10.2478/pcr-2023-0001;Polish Cartographical Review;55.0;1;Unknown;;23-01-2025;;;;;Pędzich (2023.0);Pędzich, P. (2023.0) 'Cartometric analysis of selected works by Leonardo da Vinci', Polish Cartographical Review,55.0(1), pp. Unknown. https://doi.org/10.2478/pcr-2023-0001;;;;;;;;;;;;;;;;;;;;;;;;;;;;;0.0;0.0;;;;;;;
59;;PrinciplesOfGIS;Sun;Chen;Zhong;Liu;Wang;T.;F.;L.;W.;Y.;;;5;journal;GIS-based mineral prospectivity mapping using machine learning methods: A case study from Tongling ore district, eastern China;;;;2019.0;https://doi.org/10.1016/j.oregeorev.2019.04.003;Ore Geology Reviews;109.0;June 2019;26-49;;23-01-2025;;;;;Sun et al. (2019);Sun, T. et al. (2019) 'GIS-based mineral prospectivity mapping using machine learning methods: A case study from Tongling ore district, eastern China', Ore Geology Reviews,109(June 2019), pp. 26-49. https://doi.org/10.1016/j.oregeorev.2019.04.003;;;;;;;;;;;;;;;;;;;;;;;;;;;;;0.0;0.0;;;;;;;
60;;PrinciplesOfGIS;;;;;;;;;;;;;0;web;John Snow's Maps of the Broad Street Cholera Outbreak;;;;2010.0;http://scienceline.org/wp-content/uploads/2010/05/BroadStreetMap-640x601.gif;;;;;Scienceline.org;23-01-2025;;;;;Scienceline.org (2010);Scienceline.org (2010) John Snows Maps of the Broad Street Cholera Outbreak. Available at: http://scienceline.org/wp-content/uploads/2010/05/BroadStreetMap-640x601.gif (Accessed: 23-01-2025);;;;;;;;;;;;;;;;;;;;;;;;;;;;;0.0;0.0;;;;;;;
